{"0": [[330, 0.009294030256569386], [326, 0.01744641549885273], [338, 0.006181312724947929], [29, 0.007772174198180437], [303, 0.009390161372721195], [226, 0.004769941326230764], [265, 0.003440795699134469], [487, 0.002905149944126606], [169, 0.0050543127581477165], [358, 0.006228057201951742], [443, 0.008998755365610123], [337, 0.005556751973927021], [501, 0.008115923963487148], [131, 0.004249714780598879], [282, 0.005947480909526348], [396, 0.008449832908809185], [341, 0.005211022682487965], [379, 0.009023746475577354], [66, 0.003752443939447403], [429, 0.0042023626156151295], [96, 0.011269375681877136], [350, 0.003682205453515053]], "1": [[492, 0.01185558084398508], [137, 0.01078727561980486], [73, 0.014044390991330147], [354, 0.004643598105758429], [395, 0.007503241766244173], [48, 0.008664164692163467], [213, 0.005223067011684179], [420, 0.009835190139710903], [315, 0.01063460111618042], [479, 0.011496211402118206], [425, 0.010621397756040096], [418, 0.011531609110534191], [480, 0.0022474012803286314], [242, 0.007575195748358965], [120, 0.006859845481812954], [310, 0.00867500714957714], [467, 0.008458118885755539], [275, 0.011163895018398762], [87, 0.003385891206562519], [261, 0.005628196056932211], [52, 0.008988142013549805], [489, 0.006793162785470486], [140, 0.0029127660673111677]], "2": [[191, 0.0038030927535146475], [378, 0.005610656458884478], [431, 0.00676346942782402], [193, 0.005881594028323889], [298, 0.00912608951330185], [49, 0.009597495198249817], [486, 0.003649766556918621], [449, 0.011338937096297741], [427, 0.00889431219547987], [116, 0.01202115323394537], [475, 0.010916177183389664], [77, 0.01341367606073618], [472, 0.003377906046807766], [463, 0.005547788925468922], [148, 0.005495362915098667], [348, 0.014159288257360458], [388, 0.00575416162610054], [442, 0.009551974013447762], [187, 0.0036766778212040663], [434, 0.011560303159058094], [305, 0.007424541749060154], [33, 0.01084301620721817], [496, 0.003580214222893119], [471, 0.008636665530502796], [134, 0.004161640536040068], [16, 0.0030165009666234255], [117, 0.008250145241618156]], "3": [[362, 0.003200779901817441], [299, 0.003040896961465478], [111, 0.0042219823226332664], [387, 0.0022048461250960827], [200, 0.005441273096948862], [50, 0.007643481250852346]], "4": [[233, 0.00932812225073576], [328, 0.002526178490370512], [158, 0.008606558665633202], [260, 0.007849851623177528], [511, 0.009738561697304249], [202, 0.00826322752982378], [331, 0.004077164921909571], [423, 0.00418841652572155], [190, 0.0048018707893788815], [143, 0.00418262230232358], [161, 0.00783893745392561], [147, 0.00386625062674284], [433, 0.005468605551868677], [332, 0.00649541150778532], [18, 0.0028760572895407677], [436, 0.005934467539191246], [251, 0.005234263837337494], [45, 0.0031605574768036604], [459, 0.002431310713291168], [336, 0.010742930695414543], [160, 0.0073733157478272915], [105, 0.015840647742152214]], "5": [[422, 0.005659534130245447], [269, 0.0075959754176437855], [95, 0.006409007590264082], [306, 0.009999213740229607], [406, 0.003806206164881587], [277, 0.003590125823393464], [146, 0.005716453306376934], [389, 0.0035638161934912205], [507, 0.0018070490332320333], [352, 0.011698517017066479], [367, 0.010983292013406754], [311, 0.007901333272457123], [22, 0.01227455772459507], [44, 0.003366093849763274], [84, 0.013898692093789577], [197, 0.008361948654055595], [284, 0.002693958580493927], [141, 0.007009425200521946], [309, 0.008047608658671379], [38, 0.0023043763358145952], [179, 0.00783536583185196], [25, 0.005820134654641151], [342, 0.01795281283557415], [21, 0.00449007423594594], [177, 0.004708570893853903], [168, 0.009492403827607632], [347, 0.005722943693399429]], "6": [[466, 0.012141378596425056], [243, 0.008767187595367432], [88, 0.011370962485671043], [356, 0.008653263561427593], [186, 0.010774394497275352], [250, 0.0044602444395422935], [118, 0.0032239211723208427], [474, 0.002830707933753729], [453, 0.005096045322716236], [448, 0.0011955717345699668], [109, 0.006432815920561552], [47, 0.007977752014994621], [373, 0.006485033314675093], [296, 0.0029954672791063786], [287, 0.008180273696780205], [46, 0.0032537179067730904], [470, 0.004645021632313728], [500, 0.012003462761640549], [234, 0.009967060759663582], [325, 0.005486132111400366], [307, 0.007039663847535849], [62, 0.007083040662109852], [26, 0.003735588863492012], [457, 0.007100759074091911], [178, 0.00885237567126751], [6, 0.00554844131693244], [478, 0.0071289027109742165], [195, 0.011667433194816113], [37, 0.0056302426382899284]], "7": [[113, 0.005246723536401987], [139, 0.00829601101577282], [34, 0.009380383417010307], [69, 0.009240414947271347], [130, 0.0047051021829247475], [390, 0.013379204086959362], [246, 0.006240572780370712], [302, 0.00334253185428679], [164, 0.003431041492149234], [221, 0.003726683557033539], [70, 0.010194411501288414], [115, 0.004143829457461834], [170, 0.0024531204253435135]], "8": [[375, 0.009120640344917774], [157, 0.00868332851678133], [399, 0.009382309392094612], [133, 0.009269366040825844], [409, 0.007494152057915926], [150, 0.010110605508089066], [218, 0.01295115053653717], [355, 0.00859927199780941], [188, 0.006747788283973932], [153, 0.008009451441466808], [1, 0.0077711003832519054], [210, 0.014174441806972027], [128, 0.00823181215673685], [452, 0.006866853218525648], [366, 0.006944176275283098], [14, 0.013729308731853962], [43, 0.009478149935603142], [259, 0.008283711038529873], [464, 0.009832466021180153], [222, 0.0038501026574522257], [363, 0.00548170879483223], [497, 0.005923471879214048], [31, 0.008235142566263676], [24, 0.008469670079648495], [441, 0.011406046338379383], [214, 0.008519640192389488], [324, 0.003287590341642499], [495, 0.00832822173833847], [85, 0.005700370296835899], [456, 0.006203541997820139], [17, 0.006599372252821922], [28, 0.01258260477334261], [180, 0.009746365249156952], [407, 0.011597893200814724], [102, 0.009004618041217327], [503, 0.007026686333119869], [0, 0.007237941958010197], [175, 0.00857747346162796], [308, 0.006226988043636084], [288, 0.00902531761676073], [340, 0.0052908495999872684], [316, 0.0070166573859751225], [165, 0.01028685737401247], [402, 0.005305823404341936], [268, 0.0030989882070571184], [229, 0.009261393919587135], [211, 0.00517053809016943], [75, 0.010865691117942333], [110, 0.008246797136962414], [382, 0.017828000709414482], [391, 0.013484543189406395], [228, 0.009188702329993248], [217, 0.008170613087713718], [394, 0.009205108508467674], [97, 0.00924659799784422], [3, 0.010449201799929142], [359, 0.0037825037725269794], [91, 0.01004603412002325], [56, 0.011620625853538513], [167, 0.01964201219379902], [419, 0.005112911574542522], [345, 0.004988539032638073], [376, 0.007934539578855038], [225, 0.0050369626842439175], [99, 0.007118653040379286], [72, 0.007326002698391676], [53, 0.018527140840888023], [194, 0.0051430584862828255], [274, 0.0038625337183475494], [206, 0.0089696254581213], [125, 0.006020331755280495], [313, 0.009026341140270233], [171, 0.008844703435897827], [294, 0.006228466052561998], [286, 0.007594351191073656]],